starting_word,mean_guesses,games_solved,Total Games,Failure Count,Win Rate (%)
slate,3.4950194889562582,2309,2315,6,99.74082073434126
crane,3.5047660311958406,2308,2315,7,99.69762419006479
raise,3.558008658008658,2310,2315,5,99.78401727861771
audio,3.7245119305856833,2305,2315,10,99.56803455723542
